[
    {
        "key": "shift+tab",
        "command": "acceptAlternativeSelectedSuggestion",
        "when": "suggestWidgetVisible && textInputFocus && textInputFocus"
    },
    {
        "key": "shift+enter",
        "command": "acceptAlternativeSelectedSuggestion",
        "when": "suggestWidgetVisible && textInputFocus && textInputFocus"
    },
    {
        "key": "tab",
        "command": "acceptSelectedSuggestion",
        "when": "suggestWidgetVisible && textInputFocus"
    },
    {
        "key": "enter",
        "command": "acceptSelectedSuggestion",
        "when": "acceptSuggestionOnEnter && suggestWidgetVisible && suggestionMakesTextEdit && textInputFocus"
    },
    {
        "key": "shift+cmd+space",
        "command": "editor.action.triggerParameterHints",
        "when": "editorHasSignatureHelpProvider && editorTextFocus"
    },
    {
        "key": "cmd+k cmd+i",
        "command": "editor.action.showHover",
        "when": "editorTextFocus"
    },
    {
        "key": "",
        "command": "workbench.action.showErrorsWarnings",
        "when": "editorTextFocus"
    },
    {
        "key": "cmd+n",
        "command": "workbench.action.files.newUntitledFile"
    },
    {
        "key": "cmd+/",
        "command": "editor.action.commentLine",
        "when": "editorTextFocus && !editorReadonly"
    },
    {
        "key": "shift+alt+a",
        "command": "editor.action.blockComment",
        "when": "editorTextFocus && !editorReadonly"
    },
    {
        "key": "",
        "command": "editor.action.smartSelect.grow",
        "when": "editorTextFocus"
    },
    {
        "key": "ctrl+shift+left",
        "command": "editor.action.smartSelect.shrink",
        "when": "editorTextFocus"
    },
    {
        "key": "ctrl+shift+cmd+left",
        "command": "editor.action.smartSelect.shrink",
        "when": "editorTextFocus"
    },
    {
        "key": "cmd+.",
        "command": "editor.action.quickFix",
        "when": "editorHasCodeActionsProvider && editorTextFocus && !editorReadonly"
    },
    {
        "key": "shift+alt+f",
        "command": "editor.action.formatDocument",
        "when": "editorHasDocumentFormattingProvider && editorTextFocus && !editorReadonly && !inCompositeEditor"
    },
    {
        "key": "cmd+k cmd+f",
        "command": "editor.action.formatSelection",
        "when": "editorHasDocumentSelectionFormattingProvider && editorTextFocus && !editorReadonly"
    },
    {
        "key": "cmd+x",
        "command": "editor.action.clipboardCutAction",
        "when": "editorTextFocus && !editorReadonly"
    },
    {
        "key": "shift+alt+down",
        "command": "editor.action.copyLinesDownAction",
        "when": "editorTextFocus && !editorReadonly"
    },
    {
        "key": "",
        "command": "editor.action.duplicateSelection",
        "when": "editorTextFocus && !editorReadonly && editorHasSelection"
    },
    {
        "key": "shift+cmd+k",
        "command": "editor.action.deleteLines",
        "when": "textInputFocus && !editorReadonly"
    },
    {
        "key": "ctrl+j",
        "command": "editor.action.joinLines",
        "when": "editorTextFocus && !editorReadonly"
    },
    {
        "key": "ctrl+o",
        "command": "lineBreakInsert",
        "when": "textInputFocus && !editorReadonly"
    },
    {
        "key": "cmd+enter",
        "command": "editor.action.insertLineAfter",
        "when": "editorTextFocus && !editorReadonly"
    },
    {
        "key": "alt+delete",
        "command": "deleteWordRight",
        "when": "textInputFocus && !editorReadonly"
    },
    {
        "key": "alt+backspace",
        "command": "deleteWordLeft",
        "when": "textInputFocus && !editorReadonly"
    },
    {
        "key": "alt+cmd+]",
        "command": "editor.unfold",
        "when": "editorTextFocus && foldingEnabled"
    },
    {
        "key": "alt+cmd+[",
        "command": "editor.fold",
        "when": "editorTextFocus && foldingEnabled"
    },
    {
        "key": "cmd+k cmd+]",
        "command": "editor.unfoldRecursively",
        "when": "editorTextFocus && foldingEnabled"
    },
    {
        "key": "cmd+k cmd+[",
        "command": "editor.foldRecursively",
        "when": "editorTextFocus && foldingEnabled"
    },
    {
        "key": "cmd+k cmd+j",
        "command": "editor.unfoldAll",
        "when": "editorTextFocus && foldingEnabled"
    },
    {
        "key": "cmd+k cmd+0",
        "command": "editor.foldAll",
        "when": "editorTextFocus && foldingEnabled"
    },
    {
        "key": "cmd+w",
        "command": "workbench.action.closeActiveEditor"
    },
    {
        "key": "cmd+d",
        "command": "editor.action.addSelectionToNextFindMatch",
        "when": "editorFocus"
    },
    {
        "key": "cmd+u",
        "command": "cursorUndo",
        "when": "textInputFocus"
    },
    {
        "key": "alt+down",
        "command": "editor.action.moveLinesDownAction",
        "when": "editorTextFocus && !editorReadonly"
    },
    {
        "key": "alt+up",
        "command": "editor.action.moveLinesUpAction",
        "when": "editorTextFocus && !editorReadonly"
    },
    {
        "key": "",
        "command": "editor.action.toggleColumnSelection"
    },
    {
        "key": "f3",
        "command": "editor.action.nextMatchFindAction",
        "when": "editorFocus"
    },
    {
        "key": "cmd+g",
        "command": "editor.action.nextMatchFindAction",
        "when": "editorFocus"
    },
    {
        "key": "enter",
        "command": "editor.action.nextMatchFindAction",
        "when": "editorFocus && findInputFocussed"
    },
    {
        "key": "shift+f3",
        "command": "editor.action.previousMatchFindAction",
        "when": "editorFocus"
    },
    {
        "key": "shift+cmd+g",
        "command": "editor.action.previousMatchFindAction",
        "when": "editorFocus"
    },
    {
        "key": "shift+enter",
        "command": "editor.action.previousMatchFindAction",
        "when": "editorFocus && findInputFocussed"
    },
    {
        "key": "alt+cmd+f",
        "command": "editor.action.startFindReplaceAction",
        "when": "editorFocus || editorIsOpen"
    },
    {
        "key": "shift+cmd+f",
        "command": "workbench.action.findInFiles"
    },
    {
        "key": "shift+cmd+h",
        "command": "workbench.action.replaceInFiles"
    },
    {
        "key": "shift+alt+f12",
        "command": "references-view.findReferences",
        "when": "editorHasReferenceProvider"
    },
    {
        "key": "",
        "command": "editor.action.referenceSearch.trigger",
        "when": "editorHasReferenceProvider && editorTextFocus && !inReferenceSearchEditor"
    },
    {
        "key": "shift+cmd+b",
        "command": "workbench.action.tasks.build"
    },
    {
        "key": "",
        "command": "workbench.action.tasks.reRunTask"
    },
    {
        "key": "shift+cmd+d",
        "command": "workbench.view.debug"
    },
    {
        "key": "ctrl+f5",
        "command": "workbench.action.debug.run",
        "when": "debuggersAvailable"
    },
    {
        "key": "f10",
        "command": "workbench.action.debug.stepOver",
        "when": "debugState == 'stopped'"
    },
    {
        "key": "f11",
        "command": "workbench.action.debug.stepInto",
        "when": "debugState != 'inactive'"
    },
    {
        "key": "shift+f11",
        "command": "workbench.action.debug.stepOut",
        "when": "debugState == 'stopped'"
    },
    {
        "key": "",
        "command": "editor.debug.action.runToCursor",
        "when": "debugState == 'stopped'"
    },
    {
        "key": "shift+cmd+y",
        "command": "workbench.debug.action.toggleRepl",
        "when": "debuggersAvailable"
    },
    {
        "key": "",
        "command": "editor.debug.action.selectionToRepl",
        "when": "debuggersAvailable && editorHasSelection"
    },
    {
        "key": "f5",
        "command": "workbench.action.debug.continue",
        "when": "inDebugMode"
    },
    {
        "key": "f9",
        "command": "editor.debug.action.toggleBreakpoint",
        "when": "debuggersAvailable && editorTextFocus"
    },
    {
        "key": "shift+cmd+d",
        "command": "workbench.view.debug"
    },
    {
        "key": "cmd+t",
        "command": "workbench.action.showAllSymbols"
    },
    {
        "key": "cmd+p",
        "command": "workbench.action.quickOpen"
    },
    {
        "key": "shift+cmd+o",
        "command": "workbench.action.gotoSymbol",
        "when": "editorTextFocus"
    },
    {
        "key": "shift+cmd+[",
        "command": "workbench.action.previousEditor"
    },
    {
        "key": "alt+cmd+left",
        "command": "workbench.action.previousEditor"
    },
    {
        "key": "shift+cmd+]",
        "command": "workbench.action.nextEditor"
    },
    {
        "key": "alt+cmd+right",
        "command": "workbench.action.nextEditor"
    },
    {
        "key": "cmd+b",
        "command": "workbench.action.toggleSidebarVisibility"
    },
    {
        "key": "shift+cmd+m",
        "command": "workbench.actions.view.problems"
    },
    {
        "key": "ctrl+`",
        "command": "workbench.action.terminal.toggleTerminal"
    },
    {
        "key": "ctrl+g",
        "command": "workbench.action.gotoLine"
    },
    {
        "key": "",
        "command": "workbench.action.openPreviousEditorFromHistory",
        "when": "inQuickOpen"
    },
    {
        "key": "cmd+e",
        "command": "workbench.action.openRecent",
        "when": "!inQuickOpen"
    },
    {
        "key": "ctrl+-",
        "command": "workbench.action.navigateBack"
    },
    {
        "key": "ctrl+shift+-",
        "command": "workbench.action.navigateForward"
    },
    {
        "key": "cmd+k cmd+q",
        "command": "workbench.action.navigateToLastEditLocation"
    },
    {
        "key": "",
        "command": "editor.action.goToDeclaration",
        "when": "editorTextFocus"
    },
    {
        "key": "cmd+f12",
        "command": "editor.action.goToImplementation",
        "when": "editorHasImplementationProvider && editorTextFocus && !isInEmbeddedEditor"
    },
    {
        "key": "",
        "command": "editor.action.previewDeclaration"
    },
    {
        "key": "",
        "command": "editor.action.goToTypeDefinition",
        "when": "editorTextFocus"
    },
    {
        "key": "",
        "command": "outline.focus"
    },
    {
        "key": "shift+cmd+o",
        "command": "workbench.action.gotoSymbol",
        "when": "editorTextFocus"
    },
    {
        "key": "alt+f8",
        "command": "editor.action.marker.next",
        "when": "editorFocus"
    },
    {
        "key": "shift+alt+f8",
        "command": "editor.action.marker.prev",
        "when": "editorFocus"
    },
    {
        "key": "alt+f3",
        "command": "editor.action.dirtydiff.next",
        "when": "editorTextFocus"
    },
    {
        "key": "shift+alt+f3",
        "command": "editor.action.dirtydiff.previous",
        "when": "editorTextFocus"
    },
    {
        "key": "cmd+up",
        "command": "cursorTop",
        "when": "textInputFocus"
    },
    {
        "key": "cmd+down",
        "command": "cursorBottom",
        "when": "textInputFocus"
    },
    {
        "key": "f2",
        "command": "editor.action.rename",
        "when": "editorHasRenameProvider && editorTextFocus && !editorReadonly"
    },
    {
        "key": "cmd+f2",
        "command": "editor.action.changeAll",
        "when": "editorTextFocus && editorTextFocus && !editorReadonly"
    },
    {
        "key": "enter",
        "command": "renameFile",
        "when": "explorerViewletVisible && filesExplorerFocus && !explorerResourceIsRoot && !explorerResourceReadonly && !inputFocus"
    },
    {
        "key": "",
        "command": "git.commitAll",
        "when": "!inDebugMode && !terminalFocus"
    },
    {
        "key": "",
        "command": "git.pushTo",
        "when": "!inDebugMode && !terminalFocus"
    },
    {
        "key": "",
        "command": "git.sync"
    },
    {
        "key": "cmd+k cmd+r",
        "command": "git.revertSelectedRanges",
        "when": "editorTextFocus && !editorReadonly"
    },
    {
        "key": "shift+cmd+m",
        "command": "workbench.actions.view.problems"
    },
    {
        "key": "shift+cmd+e",
        "command": "workbench.view.explorer"
    },
    {
        "key": "cmd+b",
        "command": "workbench.action.toggleSidebarVisibility"
    },
    {
        "key": "cmd+b",
        "command": "workbench.action.toggleSidebarVisibility"
    },
    {
        "key": "ctrl+shift+g",
        "command": "workbench.view.scm"
    },
    {
        "key": "alt+cmd+s",
        "command": "workbench.action.files.saveAll"
    },
    {
        "key": "ctrl+cmd+f",
        "command": "workbench.action.toggleFullScreen"
    },
    {
        "key": "",
        "command": "workbench.action.maximizeEditor"
    },
    {
        "key": "cmd+k cmd+t",
        "command": "workbench.action.selectTheme"
    },
    {
        "key": "",
        "command": "workbench.action.openGlobalSettings"
    },
    {
        "key": "",
        "command": "workbench.action.tasks.configureTaskRunner"
    },
    {
        "key": "f1",
        "command": "workbench.action.showCommands"
    },
    {
        "key": "shift+cmd+p",
        "command": "workbench.action.showCommands"
    },
    {
        "key": "",
        "command": "workbench.action.quickOpenNavigateNext"
    },
    {
        "key": "alt+f5",
        "command": "workbench.action.compareEditor.nextChange",
        "when": "textCompareEditorVisible"
    },
    {
        "key": "shift+alt+f5",
        "command": "workbench.action.compareEditor.previousChange",
        "when": "textCompareEditorVisible"
    },
    {
        "key": "shift+cmd+enter",
        "command": "editor.action.insertLineBefore",
        "when": "editorTextFocus && !editorReadonly"
    },
    {
        "key": "cmd+enter",
        "command": "editor.action.insertLineAfter",
        "when": "editorTextFocus && !editorReadonly"
    },
    {
        "key": "",
        "command": "workbench.action.terminal.focus"
    },
    {
        "key": "ctrl+`",
        "command": "workbench.action.terminal.toggleTerminal"
    },
    {
        "key": "shift+cmd+l",
        "command": "editor.action.selectHighlights",
        "when": "editorFocus"
    },
    {
        "key": "",
        "command": "workbench.action.terminal.focusPrevious",
        "when": "terminalFocus"
    },
    {
        "key": "",
        "command": "workbench.action.terminal.focusNext",
        "when": "terminalFocus"
    },
    {
        "key": "",
        "command": "workbench.action.focusNextGroup",
        "when": "editorFocus"
    },
    {
        "key": "",
        "command": "workbench.action.focusPreviousGroup",
        "when": "editorFocus"
    },
    {
        "key": "cmd+down",
        "command": "list.select",
        "when": "listFocus && !inputFocus"
    },
    {
        "key": "enter",
        "command": "list.select",
        "when": "listFocus && !inputFocus"
    },
    {
        "key": "shift+cmd+;",
        "command": "breadcrumbs.focus",
        "when": "breadcrumbsPossible"
    },
    {
        "key": "alt+cmd+c",
        "command": "copyFilePath",
        "when": "!editorFocus"
    },
    {
        "key": "cmd+i",
        "command": "editor.action.triggerSuggest",
        "when": "editorHasCompletionItemProvider && textInputFocus && !editorReadonly"
    },
    {
        "key": "alt+escape",
        "command": "editor.action.triggerSuggest",
        "when": "editorHasCompletionItemProvider && textInputFocus && !editorReadonly"
    },
    {
        "key": "ctrl+space",
        "command": "editor.action.triggerSuggest",
        "when": "editorHasCompletionItemProvider && textInputFocus && !editorReadonly"
    },
    {
        "key": "shift+cmd+f",
        "command": "workbench.action.findInFiles"
    },
    {
        "key": "cmd+c",
        "command": "editor.action.clipboardCopyAction"
    },
    {
        "key": "cmd+v",
        "command": "editor.action.clipboardPasteAction"
    },
    {
        "key": "shift+cmd+z",
        "command": "redo"
    },
    {
        "key": "cmd+z",
        "command": "undo"
    },
    {
        "key": "",
        "command": "compareFiles"
    },
    {
        "key": "",
        "command": "merge-conflict.accept.current",
        "when": "isInDiffEditor"
    },
    {
        "key": "",
        "command": "merge-conflict.accept.incoming",
        "when": "isInDiffEditor"
    },
    {
        "key": "",
        "command": "git.openChange"
    },
    {
        "key": "cmd+k o",
        "command": "workbench.action.files.showOpenedFileInNewWindow",
        "when": "emptyWorkspaceSupport"
    },
    {
        "key": "ctrl+e",
        "command": "cursorLineEnd",
        "when": "textInputFocus"
    },
    {
        "key": "ctrl+shift+e",
        "command": "cursorLineEndSelect",
        "when": "textInputFocus"
    },
    {
        "key": "ctrl+a",
        "command": "cursorLineStart",
        "when": "textInputFocus"
    },
    {
        "key": "ctrl+shift+a",
        "command": "cursorLineStartSelect",
        "when": "textInputFocus"
    },
    {
        "key": "cmd+down",
        "command": "cursorBottom",
        "when": "textInputFocus"
    },
    {
        "key": "cmd+up",
        "command": "cursorTop",
        "when": "textInputFocus"
    },
    {
        "key": "shift+cmd+down",
        "command": "cursorBottomSelect",
        "when": "textInputFocus"
    },
    {
        "key": "shift+cmd+up",
        "command": "cursorTopSelect",
        "when": "textInputFocus"
    },
    {
        "key": "",
        "command": "cursorWordRight",
        "when": "textInputFocus"
    },
    {
        "key": "",
        "command": "cursorWordRightSelect",
        "when": "textInputFocus"
    },
    {
        "key": "pagedown",
        "command": "cursorPageDown",
        "when": "textInputFocus"
    },
    {
        "key": "shift+pagedown",
        "command": "cursorPageDownSelect",
        "when": "textInputFocus"
    },
    {
        "key": "pageup",
        "command": "cursorPageUp",
        "when": "textInputFocus"
    },
    {
        "key": "shift+pageup",
        "command": "cursorPageUpSelect",
        "when": "textInputFocus"
    },
    {
        "key": "alt+left",
        "command": "cursorWordLeft",
        "when": "textInputFocus"
    },
    {
        "key": "shift+alt+left",
        "command": "cursorWordLeftSelect",
        "when": "textInputFocus"
    },
    {
        "key": "cmd+n",
        "command": "workbench.action.files.newUntitledFile"
    },
    {
        "key": "shift+alt+h",
        "command": "references-view.showCallHierarchy",
        "when": "editorHasCallHierarchyProvider"
    },
    {
        "key": "shift+alt+o",
        "command": "editor.action.organizeImports",
        "when": "editorTextFocus && !editorReadonly && supportedCodeAction =~ /(\\s|^)source\\.organizeImports\\b/"
    },
    {
        "key": "",
        "command": "java.action.showTypeHierarchy",
        "when": "editorLangId == java && editorTextFocus"
    }
]