<keymap version="1" name="Windows" parent="$default">
  <action id="$Copy">
    <keyboard-shortcut first-keystroke="ctrl c" />
    <keyboard-shortcut first-keystroke="ctrl insert" />
  </action>
  <action id="$Cut">
    <keyboard-shortcut first-keystroke="ctrl x" />
    <keyboard-shortcut first-keystroke="shift delete" />
  </action>
  <action id="$Paste">
    <keyboard-shortcut first-keystroke="ctrl v" />
    <keyboard-shortcut first-keystroke="shift insert" />
  </action>
  <action id="$Redo">
    <keyboard-shortcut first-keystroke="shift ctrl z" />
    <keyboard-shortcut first-keystroke="shift alt back_space" />
  </action>
  <action id="$Undo">
    <keyboard-shortcut first-keystroke="ctrl z" />
    <keyboard-shortcut first-keystroke="alt back_space" />
  </action>
  <action id="ActivateDebugToolWindow">
    <keyboard-shortcut first-keystroke="alt 5" />
  </action>
  <action id="ActivateFindToolWindow">
    <keyboard-shortcut first-keystroke="alt 3" />
  </action>
  <action id="Back">
    <keyboard-shortcut first-keystroke="ctrl alt left" />
    <mouse-shortcut keystroke="button4" />
  </action>
  <action id="CallHierarchy">
    <keyboard-shortcut first-keystroke="ctrl alt h" />
  </action>
  <action id="CheckinProject">
    <keyboard-shortcut first-keystroke="ctrl k" />
  </action>
  <action id="ChooseDebugConfiguration">
    <keyboard-shortcut first-keystroke="shift alt f9" />
  </action>
  <action id="ChooseRunConfiguration">
    <keyboard-shortcut first-keystroke="shift alt f10" />
  </action>
  <action id="CloseContent">
    <keyboard-shortcut first-keystroke="ctrl f4" />
  </action>
  <action id="CodeCompletion">
    <keyboard-shortcut first-keystroke="ctrl space" />
  </action>
  <action id="CollapseAllRegions">
    <keyboard-shortcut first-keystroke="shift ctrl subtract" />
    <keyboard-shortcut first-keystroke="shift ctrl minus" />
  </action>
  <action id="CollapseRegion">
    <keyboard-shortcut first-keystroke="ctrl subtract" />
    <keyboard-shortcut first-keystroke="ctrl minus" />
  </action>
  <action id="CollapseRegionRecursively">
    <keyboard-shortcut first-keystroke="ctrl alt subtract" />
    <keyboard-shortcut first-keystroke="ctrl alt minus" />
  </action>
  <action id="CommentByBlockComment">
    <keyboard-shortcut first-keystroke="shift ctrl slash" />
    <keyboard-shortcut first-keystroke="shift ctrl divide" />
  </action>
  <action id="CommentByLineComment">
    <keyboard-shortcut first-keystroke="ctrl slash" />
    <keyboard-shortcut first-keystroke="ctrl divide" />
  </action>
  <action id="CompileDirty">
    <keyboard-shortcut first-keystroke="ctrl f9" />
  </action>
  <action id="CopyPaths">
    <keyboard-shortcut first-keystroke="shift ctrl c" />
  </action>
  <action id="Debug">
    <keyboard-shortcut first-keystroke="shift f9" />
  </action>
  <action id="Diff.ApplyLeftSide">
    <keyboard-shortcut first-keystroke="shift alt right" />
  </action>
  <action id="Diff.ApplyRightSide">
    <keyboard-shortcut first-keystroke="shift alt left" />
  </action>
  <action id="Diff.FocusOppositePane">
    <keyboard-shortcut first-keystroke="ctrl tab" />
  </action>
  <action id="Diff.ShowDiff">
    <keyboard-shortcut first-keystroke="ctrl d" />
  </action>
  <action id="EditSource">
    <keyboard-shortcut first-keystroke="f4" />
  </action>
  <action id="EditSourceInNewWindow">
    <keyboard-shortcut first-keystroke="shift f4" />
  </action>
  <action id="EditorCompleteStatement">
    <keyboard-shortcut first-keystroke="shift ctrl enter" />
  </action>
  <action id="EditorDeleteLine">
    <keyboard-shortcut first-keystroke="ctrl y" />
  </action>
  <action id="EditorDeleteToWordEnd">
    <keyboard-shortcut first-keystroke="ctrl delete" />
  </action>
  <action id="EditorDeleteToWordStart">
    <keyboard-shortcut first-keystroke="ctrl back_space" />
  </action>
  <action id="EditorDuplicate">
    <keyboard-shortcut first-keystroke="ctrl d" />
  </action>
  <action id="EditorJoinLines">
    <keyboard-shortcut first-keystroke="shift ctrl j" />
  </action>
  <action id="EditorLineEnd">
    <keyboard-shortcut first-keystroke="end" />
  </action>
  <action id="EditorLineEndWithSelection">
    <keyboard-shortcut first-keystroke="shift end" />
  </action>
  <action id="EditorLineStart">
    <keyboard-shortcut first-keystroke="home" />
  </action>
  <action id="EditorLineStartWithSelection">
    <keyboard-shortcut first-keystroke="shift home" />
  </action>
  <action id="EditorMoveToPageBottom">
    <keyboard-shortcut first-keystroke="ctrl page_down" />
  </action>
  <action id="EditorMoveToPageBottomWithSelection">
    <keyboard-shortcut first-keystroke="shift ctrl page_down" />
  </action>
  <action id="EditorMoveToPageTop">
    <keyboard-shortcut first-keystroke="ctrl page_up" />
  </action>
  <action id="EditorMoveToPageTopWithSelection">
    <keyboard-shortcut first-keystroke="shift ctrl page_up" />
  </action>
  <action id="EditorNextWord">
    <keyboard-shortcut first-keystroke="ctrl right" />
  </action>
  <action id="EditorNextWordWithSelection">
    <keyboard-shortcut first-keystroke="shift ctrl right" />
  </action>
  <action id="EditorPageDown">
    <keyboard-shortcut first-keystroke="page_down" />
  </action>
  <action id="EditorPageDownWithSelection">
    <keyboard-shortcut first-keystroke="shift page_down" />
  </action>
  <action id="EditorPageUp">
    <keyboard-shortcut first-keystroke="page_up" />
  </action>
  <action id="EditorPageUpWithSelection">
    <keyboard-shortcut first-keystroke="shift page_up" />
  </action>
  <action id="EditorPreviousWord">
    <keyboard-shortcut first-keystroke="ctrl left" />
  </action>
  <action id="EditorPreviousWordWithSelection">
    <keyboard-shortcut first-keystroke="shift ctrl left" />
  </action>
  <action id="EditorSelectWord">
    <keyboard-shortcut first-keystroke="ctrl w" />
  </action>
  <action id="EditorSplitLine">
    <keyboard-shortcut first-keystroke="ctrl enter" />
  </action>
  <action id="EditorStartNewLine">
    <keyboard-shortcut first-keystroke="shift enter" />
  </action>
  <action id="EditorStartNewLineBefore">
    <keyboard-shortcut first-keystroke="ctrl alt enter" />
  </action>
  <action id="EditorTextEnd">
    <keyboard-shortcut first-keystroke="ctrl end" />
  </action>
  <action id="EditorTextStart">
    <keyboard-shortcut first-keystroke="ctrl home" />
  </action>
  <action id="EditorToggleColumnMode">
    <keyboard-shortcut first-keystroke="shift alt insert" />
  </action>
  <action id="EditorUnSelectWord">
    <keyboard-shortcut first-keystroke="shift ctrl w" />
  </action>
  <action id="EvaluateExpression">
    <keyboard-shortcut first-keystroke="alt f8" />
  </action>
  <action id="ExpandAllRegions">
    <keyboard-shortcut first-keystroke="shift ctrl add" />
    <keyboard-shortcut first-keystroke="shift ctrl equals" />
  </action>
  <action id="ExpandRegion">
    <keyboard-shortcut first-keystroke="ctrl add" />
    <keyboard-shortcut first-keystroke="ctrl equals" />
  </action>
  <action id="ExpandRegionRecursively">
    <keyboard-shortcut first-keystroke="ctrl alt add" />
    <keyboard-shortcut first-keystroke="ctrl alt equals" />
  </action>
  <action id="ExtractMethod">
    <keyboard-shortcut first-keystroke="ctrl alt m" />
  </action>
  <action id="FileStructurePopup">
    <keyboard-shortcut first-keystroke="ctrl f12" />
  </action>
  <action id="FindInPath">
    <keyboard-shortcut first-keystroke="shift ctrl f" />
  </action>
  <action id="FindNext">
    <keyboard-shortcut first-keystroke="f3" />
    <keyboard-shortcut first-keystroke="ctrl l" />
  </action>
  <action id="FindPrevious">
    <keyboard-shortcut first-keystroke="shift f3" />
    <keyboard-shortcut first-keystroke="shift ctrl l" />
  </action>
  <action id="FindUsages">
    <keyboard-shortcut first-keystroke="alt f7" />
  </action>
  <action id="Forward">
    <keyboard-shortcut first-keystroke="ctrl alt right" />
    <mouse-shortcut keystroke="button5" />
  </action>
  <action id="Generate">
    <keyboard-shortcut first-keystroke="alt insert" />
  </action>
  <action id="Git.Commit.And.Push.Executor">
    <keyboard-shortcut first-keystroke="ctrl alt k" />
  </action>
  <action id="GotoAction">
    <keyboard-shortcut first-keystroke="shift ctrl a" />
  </action>
  <action id="GotoClass">
    <keyboard-shortcut first-keystroke="ctrl n" />
  </action>
  <action id="GotoFile">
    <keyboard-shortcut first-keystroke="shift ctrl n" />
  </action>
  <action id="GotoImplementation">
    <keyboard-shortcut first-keystroke="ctrl alt b" />
    <mouse-shortcut keystroke="control alt button1" />
  </action>
  <action id="GotoLine">
    <keyboard-shortcut first-keystroke="ctrl g" />
  </action>
  <action id="GotoNextError">
    <keyboard-shortcut first-keystroke="f2" />
  </action>
  <action id="GotoPreviousError">
    <keyboard-shortcut first-keystroke="shift f2" />
  </action>
  <action id="GotoSymbol">
    <keyboard-shortcut first-keystroke="shift ctrl alt n" />
  </action>
  <action id="GotoTypeDeclaration">
    <keyboard-shortcut first-keystroke="shift ctrl b" />
    <mouse-shortcut keystroke="shift control button1" />
  </action>
  <action id="HideActiveWindow">
    <keyboard-shortcut first-keystroke="shift escape" />
  </action>
  <action id="HideAllWindows">
    <keyboard-shortcut first-keystroke="shift ctrl f12" />
  </action>
  <action id="IntroduceVariable">
    <keyboard-shortcut first-keystroke="ctrl alt v" />
  </action>
  <action id="JumpToLastChange">
    <keyboard-shortcut first-keystroke="shift ctrl back_space" />
  </action>
  <action id="MoveLineDown">
    <keyboard-shortcut first-keystroke="shift alt down" />
  </action>
  <action id="MoveLineUp">
    <keyboard-shortcut first-keystroke="shift alt up" />
  </action>
  <action id="NewScratchFile">
    <keyboard-shortcut first-keystroke="shift ctrl alt insert" />
  </action>
  <action id="NextDiff">
    <keyboard-shortcut first-keystroke="f7" />
  </action>
  <action id="NextSplitter">
  </action>
  <action id="NextTab">
    <keyboard-shortcut first-keystroke="alt right" />
  </action>
  <action id="OptimizeImports">
    <keyboard-shortcut first-keystroke="ctrl alt o" />
  </action>
  <action id="ParameterInfo">
    <keyboard-shortcut first-keystroke="ctrl p" />
  </action>
  <action id="PrevSplitter">
  </action>
  <action id="PreviousDiff">
    <keyboard-shortcut first-keystroke="shift f7" />
  </action>
  <action id="PreviousTab">
    <keyboard-shortcut first-keystroke="alt left" />
  </action>
  <action id="QuickChangeScheme">
    <keyboard-shortcut first-keystroke="ctrl back_quote" />
  </action>
  <action id="QuickImplementations">
    <keyboard-shortcut first-keystroke="shift ctrl i" />
  </action>
  <action id="QuickJavaDoc">
    <keyboard-shortcut first-keystroke="ctrl q" />
    <mouse-shortcut keystroke="alt button2" />
  </action>
  <action id="RecentFiles">
    <keyboard-shortcut first-keystroke="ctrl e" />
  </action>
  <action id="ReformatCode">
    <keyboard-shortcut first-keystroke="ctrl alt l" />
  </action>
  <action id="RenameElement">
    <keyboard-shortcut first-keystroke="shift f6" />
  </action>
  <action id="Replace">
    <keyboard-shortcut first-keystroke="ctrl r" />
  </action>
  <action id="ReplaceInPath">
    <keyboard-shortcut first-keystroke="shift ctrl r" />
  </action>
  <action id="Resume">
    <keyboard-shortcut first-keystroke="f9" />
  </action>
  <action id="Run">
    <keyboard-shortcut first-keystroke="shift f10" />
  </action>
  <action id="RunToCursor">
    <keyboard-shortcut first-keystroke="alt f9" />
  </action>
  <action id="SaveAll">
    <keyboard-shortcut first-keystroke="ctrl s" />
  </action>
  <action id="SearchEverywhere">
    <keyboard-shortcut first-keystroke="shift" second-keystroke="shift" />
  </action>
  <action id="SelectAllOccurrences">
    <keyboard-shortcut first-keystroke="shift ctrl alt j" />
  </action>
  <action id="SelectNextOccurrence">
    <keyboard-shortcut first-keystroke="alt j" />
  </action>
  <action id="ShowErrorDescription">
    <keyboard-shortcut first-keystroke="ctrl f1" />
  </action>
  <action id="ShowIntentionActions">
    <keyboard-shortcut first-keystroke="alt enter" />
  </action>
  <action id="ShowNavBar">
    <keyboard-shortcut first-keystroke="alt home" />
  </action>
  <action id="ShowProjectStructureSettings">
    <keyboard-shortcut first-keystroke="shift ctrl alt s" />
  </action>
  <action id="ShowSettings">
    <keyboard-shortcut first-keystroke="ctrl alt s" />
  </action>
  <action id="ShowUsages">
    <keyboard-shortcut first-keystroke="ctrl alt f7" />
  </action>
  <action id="StepInto">
    <keyboard-shortcut first-keystroke="f7" />
  </action>
  <action id="StepOut">
    <keyboard-shortcut first-keystroke="shift f8" />
  </action>
  <action id="StepOver">
    <keyboard-shortcut first-keystroke="f8" />
  </action>
  <action id="ToggleFullScreen">
  </action>
  <action id="ToggleLineBreakpoint">
    <keyboard-shortcut first-keystroke="ctrl f8" />
  </action>
  <action id="TypeHierarchy">
    <keyboard-shortcut first-keystroke="ctrl h" />
  </action>
  <action id="UnselectPreviousOccurrence">
    <keyboard-shortcut first-keystroke="shift alt j" />
  </action>
  <action id="Vcs.RollbackChangedLines">
    <keyboard-shortcut first-keystroke="ctrl alt z" />
  </action>
  <action id="Vcs.UpdateProject">
    <keyboard-shortcut first-keystroke="ctrl t" />
  </action>
  <action id="VcsShowNextChangeMarker">
  </action>
  <action id="VcsShowPrevChangeMarker">
    <keyboard-shortcut first-keystroke="shift ctrl alt up" />
  </action>
  <action id="ViewBreakpoints">
    <keyboard-shortcut first-keystroke="shift ctrl f8" />
  </action>
</keymap>